site,type1,%,type2,%,type3,%
Beijing,407,76.50375939849624,68,12.781954887218046,57,10.714285714285714