type,count,percentage%
1,407,76.50375939849624
2,68,12.781954887218046
3,57,10.714285714285714